{"text": "1951 \u9019\u7db2\u7ad9\u53ef\u80fd\u6703\u628a\u6211\u6253\u7834", "segments": [{"id": 0, "seek": 0, "start": 0.0, "end": 3.16, "text": "1951 \u9019\u7db2\u7ad9\u53ef\u80fd\u6703\u628a\u6211\u6253\u7834", "tokens": [50384, 3405, 18682, 45286, 26352, 34155, 16657, 6236, 16075, 1654, 12467, 39560, 50522], "temperature": 1.0, "avg_logprob": -4.054640633719308, "compression_ratio": 0.7608695652173914, "no_speech_prob": 0.09937295317649841}], "language": "Chinese"}