{"text": "\u4f60\u600e\u4e48\u8001\u662f\u51fa\u9519\u4e86", "segments": [{"id": 0, "seek": 0, "start": 0.0, "end": 3.0, "text": "\u4f60\u600e\u4e48\u8001\u662f\u51fa\u9519\u4e86", "tokens": [50364, 2166, 15282, 10439, 1541, 7781, 29900, 2289, 50514], "temperature": 0.0, "avg_logprob": -0.4789769649505615, "compression_ratio": 0.6857142857142857, "no_speech_prob": 0.1949825882911682}], "language": "Chinese"}